sep=,
map-reduce-local,11.764975547790527
aggregate-local,1.751002550125122
